iter,w_before,b_before,grad_w,grad_b,loss,acc,w_after,b_after
1,0.1,0.1,-0.456500719,-0.227116139,0.613519023,0.8,0.145650072,0.122711614
2,0.145650072,0.122711614,-0.399356251,-0.200305572,0.58913747,0.8,0.185585697,0.142742171
3,0.185585697,0.142742171,-0.350731264,-0.177393448,0.570383085,0.8,0.220658823,0.160481516
4,0.220658823,0.160481516,-0.30928569,-0.157773238,0.555840507,0.8,0.251587392,0.17625884
5,0.251587392,0.17625884,-0.273831983,-0.140910209,0.544470315,0.8,0.278970591,0.190349861
